vin,latitude,longitude,updated_at,total_fuel_used,started,speed,place,kilometrage_start_of_day,kilometrage,fuel_level,city,battery_voltage,direction
WAUKG78E46A840649,52.9551166,9.6381433,12/10/2021 0:43,0,0,0,"K 129, 29699 Walsrode, Meyerhof, DE",96215,96215.58,0,Walsrode,12.43,317
WAUKG78E46A840649,52.9551166,9.6381433,12/10/2021 1:43,0,0,0,"K 129, 29699 Walsrode, Meyerhof, DE",96215,96215.58,0,Walsrode,12.43,317
WAUKG78E46A840649,52.9551166,9.6381433,12/10/2021 2:43,0,0,0,"K 129, 29699 Walsrode, Meyerhof, DE",96215,96215.58,0,Walsrode,12.41,317
WAUKG78E46A840649,52.9551166,9.6381433,12/10/2021 3:43,0,0,0,,96215,96215.58,0,,12.41,317
WAUKG78E46A840649,52.95537,9.63806,12/10/2021 3:50,0,0,11,,96215,96215.61,0,,14.69,355
WAUKG78E46A840649,52.955425,9.6374233,12/10/2021 3:51,0,1,9,"K 129, 29699 Walsrode, Meyerhof, DE",96215,96215.67,0,Walsrode,14.81,181
WAUKG78E46A840649,52.9553666,9.6374266,12/10/2021 4:51,0,0,0,"K 129, 29699 Walsrode, Meyerhof, DE",96215,96215.74,0,Walsrode,12.44,332
WAUKG78E46A840649,52.9553666,9.6374266,12/10/2021 5:51,0,0,0,"K 129, 29699 Walsrode, Meyerhof, DE",96215,96215.74,0,Walsrode,12.45,332
WAUKG78E46A840649,52.95513,9.63757,12/10/2021 6:47,0,0,13,"K 129, 29699 Walsrode, Meyerhof, DE",96215,96215.74,0,Walsrode,12.11,190
WAUKG78E46A840649,52.9553616,9.6375366,12/10/2021 7:03,0,0,6,,96215,96215.74,0,,12.12,38
WAUKG78E46A840649,52.955655,9.637555,12/10/2021 7:11,0,0,16,"K 129, 29699 Walsrode, Meyerhof, DE",96215,96215.77,0,Walsrode,14.72,40
WAUKG78E46A840649,52.955715,9.6375816,12/10/2021 7:47,0,0,5,"K 129, 29699 Walsrode, Meyerhof, DE",96215,96215.78,0,Walsrode,14.73,212
WAUKG78E46A840649,52.94233,9.6322916,12/10/2021 7:49,0,1,56,"K 129, 29699 Walsrode, Hanshof, DE",96215,96217.45,0,Walsrode,14.81,207
WAUKG78E46A840649,52.9152216,9.6211416,12/10/2021 7:51,0,1,91,,96215,96220.71,0,,14.83,204
WAUKG78E46A840649,52.9052766,9.616945,12/10/2021 7:53,0,1,14,"K 129, 29699 Walsrode, DE",96215,96221.85,0,Walsrode,14.81,221
WAUKG78E46A840649,52.8842933,9.5999966,12/10/2021 7:55,0,1,68,"Am Vogelpark, 29664 Walsrode, DE",96215,96224.48,0,Walsrode,14.62,217
WAUKG78E46A840649,52.87017,9.5851583,12/10/2021 7:57,0,1,10,"Cordinger Straße 14-20, 29664 Walsrode, DE",96215,96226.43,0,Walsrode,14.82,225
WAUKG78E46A840649,52.8632866,9.5874416,12/10/2021 7:59,0,0,0,"Bergstraße 2A, 29664 Walsrode, DE",96215,96227.24,0,Walsrode,14.75,348
WAUKG78E46A840649,52.85991,9.5828016,12/10/2021 8:00,0,0,0,"Meirehmer Straße 1, 29664 Walsrode, DE",96215,96227.76,0,Walsrode,14.67,189
WAUKG78E46A840649,52.8597466,9.5826,12/10/2021 8:02,0,0,8,,96215,96227.77,0,,14.88,167
WAUKG78E46A840649,52.8597216,9.5826033,12/10/2021 8:03,0,1,7,"Verdener Straße 4, 29664 Walsrode, DE",96215,96227.77,0,Walsrode,14.78,183
WAUKG78E46A840649,52.8486,9.5475866,12/10/2021 8:05,0,1,42,"B 209, 29664 Hollige, DE",96215,96230.43,0,Hollige,14.84,245
WAUKG78E46A840649,52.8405383,9.5204883,12/10/2021 8:07,0,1,71,"B 209, 29664 Schneeheide, DE",96215,96232.46,0,Schneeheide,14.83,243
WAUKG78E46A840649,52.832655,9.4931583,12/10/2021 8:09,0,1,47,"B 209, 29664 Kirchboitzen, Sindorf, DE",96215,96234.5,0,Kirchboitzen,14.77,244
WAUKG78E46A840649,52.83156,9.4866266,12/10/2021 8:12,0,1,27,,96215,96234.98,0,,14.84,243
WAUKG78E46A840649,52.8262366,9.4747366,12/10/2021 8:13,0,1,100,"B 209, 29664 Groß Eilstorf, DE",96215,96235.98,0,Groß Eilstorf,14.78,231
WAUKG78E46A840649,52.81437,9.4429983,12/10/2021 8:15,0,1,98,"B 209, 29664 Groß Eilstorf, DE",96215,96238.57,0,Groß Eilstorf,14.82,212
WAUKG78E46A840649,52.7989383,9.4168416,12/10/2021 8:17,0,1,61,,96215,96241.12,0,,14.84,216
WAUKG78E46A840649,52.7854383,9.3815833,12/10/2021 8:19,0,1,13,"Lange Straße 21, 27336 Rethem, DE",96215,96244.02,0,Rethem,14.84,268
WAUKG78E46A840649,52.784535,9.3678216,12/10/2021 8:21,0,1,57,"L 200, 27336 Rethem, DE",96215,96244.97,0,Rethem,14.85,268
WAUKG78E46A840649,52.7839266,9.3231866,12/10/2021 8:23,0,1,87,,96215,96248.01,0,,14.87,261
WAUKG78E46A840649,52.7799816,9.2866433,12/10/2021 8:25,0,1,13,"Saatkamp 1, 27324 Hämelhausen, DE",96215,96250.53,0,Hämelhausen,14.77,316
WAUKG78E46A840649,52.780775,9.2872483,12/10/2021 8:30,0,0,12,,96215,96250.66,0,,14.87,25
WAUKG78E46A840649,52.7817716,9.2870433,12/10/2021 8:31,0,1,14,,96215,96250.77,0,,14.84,305
WAUKG78E46A840649,52.7820133,9.2845916,12/10/2021 8:33,0,0,12,"Hirtenweg 7, 27324 Hämelhausen, DE",96215,96250.94,0,Hämelhausen,14.83,301
WAUKG78E46A840649,52.781865,9.2862633,12/10/2021 8:36,0,0,22,,96215,96251.09,0,,14.85,93
WAUKG78E46A840649,52.7798066,9.2851616,12/10/2021 8:37,0,1,53,"Dorfstraße 153, 27324 Hämelhausen, DE",96215,96251.48,0,Hämelhausen,14.88,274
WAUKG78E46A840649,52.779515,9.281465,12/10/2021 8:39,0,1,7,"Am Walde 7, 27324 Hämelhausen, DE",96215,96251.95,0,Hämelhausen,14.73,22
WAUKG78E46A840649,52.78027,9.2816833,12/10/2021 8:41,0,1,15,,96215,96252.09,0,,14.81,296
WAUKG78E46A840649,52.7803766,9.2777233,12/10/2021 8:43,0,0,7,"Hämelseestraße 4, 27324 Hämelhausen, DE",96215,96252.56,0,Hämelhausen,14.86,58
WAUKG78E46A840649,52.781,9.276695,12/10/2021 8:45,0,0,9,,96215,96252.7,0,,14.82,300
WAUKG78E46A840649,52.7816683,9.2746366,12/10/2021 8:47,0,0,5,"Dorfstraße 107, 27324 Hämelhausen, DE",96215,96252.89,0,Hämelhausen,14.85,209
WAUKG78E46A840649,52.78255,9.2703066,12/10/2021 8:49,0,1,25,"Dorfstraße 90, 27324 Hämelhausen, DE",96215,96253.21,0,Hämelhausen,14.84,290
WAUKG78E46A840649,52.78531,9.2687016,12/10/2021 8:51,0,1,8,"Am Wiesengrund 9, 27324 Hämelhausen, DE",96215,96253.67,0,Hämelhausen,14.84,280
WAUKG78E46A840649,52.7840183,9.263775,12/10/2021 8:54,0,0,7,"Dorfstraße 68, 27324 Hämelhausen, DE",96215,96254.25,0,Hämelhausen,14.86,19
WAUKG78E46A840649,52.793415,9.2671633,12/10/2021 8:55,0,1,74,,96215,96255.36,0,,14.89,15
WAUKG78E46A840649,52.7862916,9.263915,12/10/2021 8:57,0,1,73,"Hämelheider Straße 5, 27324 Hämelhausen, DE",96215,96256.61,0,Hämelhausen,14.89,196
WAUKG78E46A840649,52.7858883,9.261165,12/10/2021 8:59,0,0,9,"Dorfstraße 57, 27324 Hämelhausen, DE",96215,96257.14,0,Hämelhausen,14.84,135
WAUKG78E46A840649,52.785675,9.2539683,12/10/2021 9:00,0,1,15,,96215,96257.78,0,,14.81,195
WAUKG78E46A840649,52.7854733,9.2539616,12/10/2021 9:01,0,1,6,"Dorfstraße 32, 27324 Hämelhausen, DE",96215,96257.81,0,Hämelhausen,14.71,282
WAUKG78E46A840649,52.783985,9.2483616,12/10/2021 9:03,0,0,2,"Dorfstraße 13, 27324 Hämelhausen, DE",96215,96258.28,0,Hämelhausen,14.75,295
WAUKG78E46A840649,52.7864033,9.24229,12/10/2021 9:05,0,1,29,"Sanndornweg, 27324 Eystrup, DE",96215,96259.09,0,Eystrup,14.85,25
WAUKG78E46A840649,52.78415,9.24156,12/10/2021 9:07,0,1,18,"Sanndornweg, 27324 Eystrup, DE",96215,96260,0,Eystrup,14.79,222
WAUKG78E46A840649,52.7838666,9.239755,12/10/2021 9:09,0,0,8,"Bienenweide, 27324 Eystrup, DE",96215,96260.17,0,Eystrup,14.93,1
WAUKG78E46A840649,52.78515,9.2391883,12/10/2021 9:11,0,0,0,"Bienenweide, 27324 Eystrup, DE",96215,96260.42,0,Eystrup,14.86,319
WAUKG78E46A840649,52.7853533,9.240405,12/10/2021 9:13,0,1,15,"Wacholderwegeg, 27324 Eystrup, DE",96215,96260.73,0,Eystrup,14.87,314
WAUKG78E46A840649,52.7841216,9.2415216,12/10/2021 9:15,0,0,6,"Bienenweide, 27324 Eystrup, DE",96215,96261.06,0,Eystrup,14.87,73
WAUKG78E46A840649,52.786585,9.2422083,12/10/2021 9:17,0,1,12,"Schlehenweg 19, 27324 Eystrup, DE",96215,96261.35,0,Eystrup,14.82,278
WAUKG78E46A840649,52.78684,9.239295,12/10/2021 9:19,0,1,12,"Schlehenweg 6, 27324 Eystrup, DE",96215,96261.57,0,Eystrup,14.89,231
WAUKG78E46A840649,52.78561,9.2385683,12/10/2021 9:21,0,0,12,"Holunderweg 10, 27324 Eystrup, DE",96215,96261.73,0,Eystrup,14.88,7
WAUKG78E46A840649,52.7850916,9.239425,12/10/2021 9:23,0,1,19,"Bienenweide, 27324 Eystrup, DE",96215,96262.6,0,Eystrup,14.86,306
WAUKG78E46A840649,52.7840566,9.23898,12/10/2021 9:26,0,0,20,,96215,96262.79,0,,14.9,89
WAUKG78E46A840649,52.78413,9.24155,12/10/2021 9:27,0,1,12,"Bienenweide, 27324 Eystrup, DE",96215,96262.96,0,Eystrup,14.88,51
WAUKG78E46A840649,52.786975,9.2383333,12/10/2021 9:29,0,1,18,"Schlehenweg 4, 27324 Eystrup, DE",96215,96263.51,0,Eystrup,14.85,309
WAUKG78E46A840649,52.7873766,9.2394133,12/10/2021 9:31,0,0,14,"Am Heidkamp 5, 27324 Eystrup, DE",96215,96263.67,0,Eystrup,14.9,86
WAUKG78E46A840649,52.7873316,9.2402266,12/10/2021 9:33,0,1,11,"Am Heidkamp 9, 27324 Eystrup, DE",96215,96263.72,0,Eystrup,14.87,59
WAUKG78E46A840649,52.7873783,9.23982,12/10/2021 9:35,0,1,18,"Am Heidkamp 7, 27324 Eystrup, DE",96215,96263.79,0,Eystrup,14.8,278
WAUKG78E46A840649,52.7885316,9.240455,12/10/2021 9:37,0,0,7,"Auf dem Rottlande 37, 27324 Eystrup, DE",96215,96264.15,0,Eystrup,14.87,6
WAUKG78E46A840649,52.7883083,9.2368633,12/10/2021 9:39,0,1,11,"Auf dem Rottlande 18, 27324 Eystrup, DE",96215,96264.48,0,Eystrup,14.86,184
WAUKG78E46A840649,52.7881433,9.2368216,12/10/2021 9:41,0,0,11,"Auf dem Rottlande 16, 27324 Eystrup, DE",96215,96264.5,0,Eystrup,14.88,191
WAUKG78E46A840649,52.787555,9.2366333,12/10/2021 9:44,0,0,11,,96215,96264.57,0,,14.89,185
WAUKG78E46A840649,52.78696,9.2366,12/10/2021 9:45,0,1,6,"Auf dem Rottlande 1, 27324 Eystrup, DE",96215,96264.64,0,Eystrup,14.78,0
WAUKG78E46A840649,52.7866783,9.2374766,12/10/2021 9:51,0,0,11,"Am Vehrenkamp 37A, 27324 Eystrup, DE",96215,96264.8,0,Eystrup,14.85,95
WAUKG78E46A840649,52.786395,9.2375583,12/10/2021 9:53,0,0,0,"Am Vehrenkamp 43, 27324 Eystrup, DE",96215,96265.09,0,Eystrup,14.88,178
WAUKG78E46A840649,52.7851766,9.2373516,12/10/2021 9:55,0,0,5,"Am Vehrenkamp 55, 27324 Eystrup, DE",96215,96265.24,0,Eystrup,14.85,230
WAUKG78E46A840649,52.7850933,9.2368516,12/10/2021 9:58,0,1,17,,96215,96265.41,0,,14.82,269
WAUKG78E46A840649,52.7853966,9.2360016,12/10/2021 9:59,0,0,5,"Am Vehrenkamp 17, 27324 Eystrup, DE",96215,96265.49,0,Eystrup,14.85,88
WAUKG78E46A840649,52.7840083,9.23611,12/10/2021 10:00,0,0,0,,96215,96265.74,0,,14.84,187
WAUKG78E46A840649,52.783985,9.2362216,12/10/2021 10:01,0,0,10,"Am Vehrenkamp 2, 27324 Eystrup, DE",96215,96265.74,0,Eystrup,14.83,151
WAUKG78E46A840649,52.7859516,9.233445,12/10/2021 10:03,0,1,17,"Laubaner Straße, 27324 Eystrup, DE",96215,96266.28,0,Eystrup,14.87,16
WAUKG78E46A840649,52.7848766,9.2337683,12/10/2021 10:05,0,1,13,"Laubaner Straße, 27324 Eystrup, DE",96215,96266.45,0,Eystrup,14.86,82
WAUKG78E46A840649,52.783245,9.23471,12/10/2021 10:08,0,0,6,"Hohenholzer Straße, 27324 Eystrup, DE",96215,96266.75,0,Eystrup,14.86,185
WAUKG78E46A840649,52.7830516,9.2331366,12/10/2021 10:09,0,0,6,"Hohenholzer Straße, 27324 Eystrup, DE",96215,96266.86,0,Eystrup,14.9,314
WAUKG78E46A840649,52.782985,9.23283,12/10/2021 10:11,0,0,6,"Hohenholzer Straße, 27324 Eystrup, DE",96215,96266.88,0,Eystrup,14.77,85
WAUKG78E46A840649,52.7844333,9.2315,12/10/2021 10:13,0,0,10,"Hinter der Bahn, 27324 Eystrup, DE",96215,96267.17,0,Eystrup,14.86,347
WAUKG78E46A840649,52.7859533,9.2311566,12/10/2021 10:16,0,0,8,"Alter Postweg, 27324 Eystrup, DE",96215,96267.34,0,Eystrup,14.91,51
WAUKG78E46A840649,52.7871433,9.233075,12/10/2021 10:18,0,0,9,,96215,96267.52,0,,14.85,35
WAUKG78E46A840649,52.7896533,9.2337466,12/10/2021 10:19,0,1,21,"Hämelhauser Kirchweg, 27324 Eystrup, DE",96215,96267.81,0,Eystrup,14.84,6
WAUKG78E46A840649,52.7896716,9.2314966,12/10/2021 10:22,0,0,8,"Hämelhauser Kirchweg, 27324 Hassel (Weser), DE",96215,96268.07,0,Hassel (Weser),14.89,304
WAUKG78E46A840649,52.7944016,9.2294833,12/10/2021 10:23,0,1,27,"Moorweg, 27324 Hassel (Weser), DE",96215,96268.7,0,Hassel (Weser),14.89,312
WAUKG78E46A840649,52.7979233,9.2107016,12/10/2021 10:25,0,1,22,"Verdener Straße, 27324 Hassel (Weser), DE",96215,96270.05,0,Hassel (Weser),14.85,317
WAUKG78E46A840649,52.8085216,9.1819883,12/10/2021 10:27,0,1,104,"Hauptstraße, 27324 Hassel (Weser), DE",96215,96272.51,0,Hassel (Weser),14.89,273
WAUKG78E46A840649,52.8064166,9.146885,12/10/2021 10:29,0,1,21,"Schloßplatz, 27318 Hoya, DE",96215,96274.94,0,Hoya,14.88,245
WAUKG78E46A840649,52.8054216,9.1242116,12/10/2021 10:31,0,1,79,"Weserstraße, 27318 Hoya, DE",96215,96276.65,0,Hoya,14.89,307
WAUKG78E46A840649,52.8091166,9.09346,12/10/2021 10:33,0,1,45,,96215,96278.82,0,,14.9,300
WAUKG78E46A840649,52.8170183,9.066495,12/10/2021 10:35,0,1,95,,96215,96280.84,0,,14.87,289
WAUKG78E46A840649,52.8219183,9.027615,12/10/2021 10:37,0,1,78,"L 330, 27305 Bruchhausen-Vilsen, Gehlbergen, DE",96215,96283.57,0,Bruchhausen-Vilsen,14.9,310
WAUKG78E46A840649,52.8300866,9.00633,12/10/2021 10:39,0,1,10,"Schloßweide, 27305 Bruchhausen-Vilsen, Bruchhausen, DE",96215,96285.63,0,Bruchhausen-Vilsen,14.89,292
WAUKG78E46A840649,52.830175,9.0060133,12/10/2021 10:41,0,0,9,"Schloßweide, 27305 Bruchhausen-Vilsen, Bruchhausen, DE",96215,96285.66,0,Bruchhausen-Vilsen,14.86,70
WAUKG78E46A840649,52.828175,8.9905916,12/10/2021 10:43,0,1,48,"Am Bahnhof 1, 27305 Bruchhausen-Vilsen, Bruchhausen, DE",96215,96286.98,0,Bruchhausen-Vilsen,14.92,274
WAUKG78E46A840649,52.81211,8.9941783,12/10/2021 10:45,0,1,59,,96215,96288.94,0,,14.86,142
WAUKG78E46A840649,52.7983183,9.00902,12/10/2021 10:47,0,1,79,"K 140, 27330 Asendorf, Haendorf, DE",96215,96290.9,0,Asendorf,14.85,179
WAUKG78E46A840649,52.7937016,9.0133766,12/10/2021 10:50,0,0,5,"Vilser Straße, 27330 Asendorf, Haendorf, DE",96215,96291.57,0,Asendorf,14.89,49
WAUKG78E46A840649,52.795085,9.0120966,12/10/2021 10:51,0,1,25,"Affendorfer Weg, 27330 Asendorf, Haendorf, DE",96215,96292.05,0,Asendorf,14.91,352
WAUKG78E46A840649,52.7993383,9.0210683,12/10/2021 10:54,0,0,5,,96215,96292.86,0,,14.87,155
WAUKG78E46A840649,52.7976016,9.0363366,12/10/2021 10:55,0,1,62,,96215,96293.94,0,,14.9,117
WAUKG78E46A840649,52.791645,9.0393216,12/10/2021 10:57,0,1,7,"Haendorfer Weg, 27330 Asendorf, Haendorf, DE",96215,96295.05,0,Asendorf,14.79,271
WAUKG78E46A840649,52.789965,9.034135,12/10/2021 10:59,0,0,0,"Haendorfer Weg 10, 27330 Asendorf, Haendorf, DE",96215,96295.63,0,Asendorf,14.82,180
WAUKG78E46A840649,52.789835,9.03395,12/10/2021 11:00,0,1,16,,96215,96295.65,0,,14.81,212
WAUKG78E46A840649,52.7895133,9.0338166,12/10/2021 11:01,0,1,19,,96215,96295.69,0,,14.89,176
WAUKG78E46A840649,52.7891533,9.03397,12/10/2021 11:03,0,0,10,,96215,96295.75,0,,14.85,230
WAUKG78E46A840649,52.788935,9.03291,12/10/2021 11:05,0,1,15,,96215,96295.84,0,,14.86,279
WAUKG78E46A840649,52.7857083,9.02342,12/10/2021 11:07,0,1,71,"Haendorfer Weg, 27330 Asendorf, Haendorf, DE",96215,96296.72,0,Asendorf,14.84,252
WAUKG78E46A840649,52.7834633,9.01923,12/10/2021 11:09,0,0,0,"Brüne, 27330 Asendorf, Essen, DE",96215,96297.45,0,Asendorf,14.84,358
WAUKG78E46A840649,52.7790666,9.0151383,12/10/2021 11:11,0,1,18,"Steinborner Weg, 27330 Asendorf, Asendorf, DE",96215,96298.07,0,Asendorf,14.9,173
WAUKG78E46A840649,52.7761633,9.0221766,12/10/2021 11:13,0,0,8,"Steinborner Weg, 27330 Asendorf, Asendorf, DE",96215,96298.66,0,Asendorf,14.84,170
WAUKG78E46A840649,52.7731866,9.02412,12/10/2021 11:15,0,0,0,"Zum Grund, 27330 Asendorf, Asendorf, DE",96215,96299.07,0,Asendorf,14.82,193
WAUKG78E46A840649,52.7737066,9.02416,12/10/2021 11:17,0,0,7,"Zum Grund, 27330 Asendorf, Asendorf, DE",96215,96299.14,0,Asendorf,14.88,26
WAUKG78E46A840649,52.7736633,9.023835,12/10/2021 11:19,0,0,5,"Essener Straße, 27330 Asendorf, Asendorf, DE",96215,96299.19,0,Asendorf,14.88,31
WAUKG78E46A840649,52.7741883,9.0467166,12/10/2021 11:21,0,1,20,"Forthweg, 27330 Asendorf, Essen, DE",96215,96301.03,0,Asendorf,14.79,202
WAUKG78E46A840649,52.7741666,9.035575,12/10/2021 11:23,0,1,87,"Essener Straße, 27330 Asendorf, Essen, DE",96215,96302.22,0,Asendorf,14.86,282
WAUKG78E46A840649,52.7732283,9.0127133,12/10/2021 11:25,0,0,7,"27330 Asendorf, Asendorf, DE",96215,96303.92,0,Asendorf,14.89,31
WAUKG78E46A840649,52.775535,9.0052783,12/10/2021 11:27,0,1,6,"Brüner Weg, 27330 Asendorf, Asendorf, DE",96215,96304.61,0,Asendorf,14.83,193
WAUKG78E46A840649,52.7772233,9.0040416,12/10/2021 11:30,0,0,9,"Buchenweg, 27330 Asendorf, Asendorf, DE",96215,96305.24,0,Asendorf,14.81,11
WAUKG78E46A840649,52.7776566,9.004165,12/10/2021 11:31,0,1,8,"Eichenkamp, 27330 Asendorf, Asendorf, DE",96215,96305.29,0,Asendorf,14.8,42
WAUKG78E46A840649,52.776815,9.0039066,12/10/2021 11:33,0,1,20,"Am Schafkamp, 27330 Asendorf, Asendorf, DE",96215,96305.56,0,Asendorf,14.85,227
WAUKG78E46A840649,52.77984,9.0025583,12/10/2021 11:35,0,0,7,"Altenfelder Weg 13-15, 27330 Asendorf, Asendorf, DE",96215,96306.1,0,Asendorf,14.82,122
WAUKG78E46A840649,52.7794133,9.0019433,12/10/2021 11:39,0,0,14,"Altenfelder Weg 13-15, 27330 Asendorf, Asendorf, DE",96215,96306.35,0,Asendorf,14.83,67
WAUKG78E46A840649,52.7760166,9.0015166,12/10/2021 11:41,0,0,0,"Steinweg, 27330 Asendorf, Asendorf, DE",96215,96306.77,0,Asendorf,14.81,162
WAUKG78E46A840649,52.775955,9.0015166,12/10/2021 11:45,0,0,8,"Steinweg, 27330 Asendorf, Asendorf, DE",96215,96306.77,0,Asendorf,14.82,228
WAUKG78E46A840649,52.7761683,9.001935,12/10/2021 11:47,0,1,16,"Alte Heerstraße 67, 27330 Asendorf, Asendorf, DE",96215,96307.01,0,Asendorf,14.82,69
WAUKG78E46A840649,52.771985,9.00464,12/10/2021 11:50,0,0,6,"Alte Heerstraße, 27330 Asendorf, Asendorf, DE",96215,96307.52,0,Asendorf,14.87,77
WAUKG78E46A840649,52.77214,9.0053566,12/10/2021 11:53,0,0,6,"Bahnhofstraße, 27330 Asendorf, Asendorf, DE",96215,96307.56,0,Asendorf,14.84,2
WAUKG78E46A840649,52.77246,9.0062883,12/10/2021 11:55,0,1,15,"Bahnhofstraße 4, 27330 Asendorf, Asendorf, DE",96215,96307.94,0,Asendorf,14.83,234
WAUKG78E46A840649,52.7726533,9.0071416,12/10/2021 11:57,0,0,8,"Bahnhofstraße, 27330 Asendorf, Asendorf, DE",96215,96308.05,0,Asendorf,14.81,114
WAUKG78E46A840649,52.7724166,9.010415,12/10/2021 11:59,0,0,7,"An der Calle, 27330 Asendorf, Asendorf, DE",96215,96308.41,0,Asendorf,14.89,116
WAUKG78E46A840649,52.7722866,9.0105516,12/10/2021 12:01,0,0,9,"An der Calle, 27330 Asendorf, Asendorf, DE",96215,96308.43,0,Asendorf,14.87,151
WAUKG78E46A840649,52.7712116,9.0143783,12/10/2021 12:03,0,0,8,"27330 Asendorf, Asendorf, DE",96215,96308.76,0,Asendorf,14.85,45
WAUKG78E46A840649,52.76387,9.0007183,12/10/2021 12:05,0,1,26,"Heidkämpe, 27330 Asendorf, Kampsheide, DE",96215,96310.15,0,Asendorf,14.89,244
WAUKG78E46A840649,52.7640916,9.0003933,12/10/2021 12:07,0,0,6,"Heidkämpe, 27330 Asendorf, Kampsheide, DE",96215,96310.21,0,Asendorf,14.82,130
WAUKG78E46A840649,52.7668716,8.99597,12/10/2021 12:09,0,0,8,"Heidkämpe, 27330 Asendorf, Kampsheide, DE",96215,96310.72,0,Asendorf,14.83,155
WAUKG78E46A840649,52.767925,8.99192,12/10/2021 12:11,0,0,7,"Heidkämpe, 27330 Asendorf, Kampsheide, DE",96215,96311.1,0,Asendorf,14.79,151
WAUKG78E46A840649,52.7635766,9.0037233,12/10/2021 12:13,0,1,8,"Im Brinke, 27330 Asendorf, Kampsheide, DE",96215,96312.07,0,Asendorf,14.8,330
WAUKG78E46A840649,52.76351,9.0035916,12/10/2021 12:15,0,1,10,"Im Brinke, 27330 Asendorf, Kampsheide, DE",96215,96312.1,0,Asendorf,14.8,211
WAUKG78E46A840649,52.76706,9.0067766,12/10/2021 12:19,0,0,10,"Raiffeisenstraße 11, 27330 Asendorf, Kampsheide, DE",96215,96312.98,0,Asendorf,14.85,135
WAUKG78E46A840649,52.7679716,9.0075066,12/10/2021 12:21,0,0,0,"Alte Heerstraße 23, 27330 Asendorf, Asendorf, DE",96215,96313.55,0,Asendorf,14.84,320
WAUKG78E46A840649,52.767335,9.0097866,12/10/2021 12:23,0,1,17,"Alte Heerstraße, 27330 Asendorf, Asendorf, DE",96215,96313.73,0,Asendorf,14.83,80
WAUKG78E46A840649,52.7691166,9.0083283,12/10/2021 12:25,0,0,6,"Oeffenkamp, 27330 Asendorf, Kampsheide, DE",96215,96314.08,0,Asendorf,14.84,112
WAUKG78E46A840649,52.76701,9.01054,12/10/2021 12:27,0,0,6,"Alte Heerstraße, 27330 Asendorf, Asendorf, DE",96215,96314.43,0,Asendorf,14.83,236
WAUKG78E46A840649,52.7659383,9.0103533,12/10/2021 12:30,0,0,5,"Böttcherstraße, 27330 Asendorf, Kampsheide, DE",96215,96314.63,0,Asendorf,14.81,195
WAUKG78E46A840649,52.7642166,9.0084683,12/10/2021 12:31,0,0,0,"Böttcherstraße 21, 27330 Asendorf, Kampsheide, DE",96215,96314.91,0,Asendorf,14.81,177
WAUKG78E46A840649,52.7593266,9.0168266,12/10/2021 12:33,0,1,20,"Steimker Weg, 27330 Asendorf, Kampsheide, DE",96215,96316.08,0,Asendorf,14.82,102
WAUKG78E46A840649,52.762095,9.0207733,12/10/2021 12:35,0,0,10,"Steimker Weg, 27330 Asendorf, Kampsheide, DE",96215,96316.52,0,Asendorf,14.84,51
WAUKG78E46A840649,52.7591733,9.02646,12/10/2021 12:37,0,0,0,,96215,96317.58,0,,14.83,2
WAUKG78E46A840649,52.762165,9.0400633,12/10/2021 12:39,0,1,17,,96215,96318.6,0,,14.78,105
WAUKG78E46A840649,52.76224,9.0455033,12/10/2021 12:41,0,1,47,"Schierenhoper Straße, 27330 Asendorf, Steimke, DE",96215,96319.03,0,Asendorf,14.76,79
WAUKG78E46A840649,52.7556383,9.0214083,12/10/2021 12:43,0,1,86,"Schierenhoper Straße, 27330 Asendorf, Steimke, DE",96215,96321.02,0,Asendorf,14.85,249
WAUKG78E46A840649,52.7570216,9.0135683,12/10/2021 12:46,0,0,7,"Zur Höchte, 27330 Asendorf, Kampsheide, DE",96215,96321.8,0,Asendorf,14.85,61
WAUKG78E46A840649,52.755115,9.0181866,12/10/2021 12:47,0,1,32,"Hannoversche Straße, 27330 Asendorf, Kampsheide, DE",96215,96322.35,0,Asendorf,14.78,179
WAUKG78E46A840649,52.7528216,9.01264,12/10/2021 12:49,0,0,7,"Am Schiebenkamp, 27330 Asendorf, Kampsheide, DE",96215,96322.92,0,Asendorf,14.86,15
WAUKG78E46A840649,52.7490816,9.0203916,12/10/2021 12:51,0,1,6,"Hannoversche Straße, 27330 Asendorf, Kampsheide, DE",96215,96324.14,0,Asendorf,14.84,199
WAUKG78E46A840649,52.750325,9.0247483,12/10/2021 12:53,0,0,14,"Kohlstätte, 27330 Asendorf, Brebber, DE",96215,96324.49,0,Asendorf,14.87,269
WAUKG78E46A840649,52.7343083,9.0268083,12/10/2021 12:55,0,1,6,"Liebenauer Weg, 27330 Asendorf, Graue, DE",96215,96326.53,0,Asendorf,14.75,0
WAUKG78E46A840649,52.7356433,9.0298433,12/10/2021 12:57,0,1,22,"Hackenstraße, 27330 Asendorf, Graue, DE",96215,96326.84,0,Asendorf,14.86,109
WAUKG78E46A840649,52.7265983,9.0442016,12/10/2021 13:00,0,1,30,,96215,96328.46,0,,14.85,235
WAUKG78E46A840649,52.7242966,9.0372616,12/10/2021 13:01,0,1,5,"Siedenburger Straße, 27330 Asendorf, Graue, DE",96215,96328.99,0,Asendorf,14.64,97
WAUKG78E46A840649,52.7244133,9.0373516,12/10/2021 13:03,0,0,11,"Siedenburger Straße, 27330 Asendorf, Graue, DE",96215,96329.02,0,Asendorf,14.81,79
WAUKG78E46A840649,52.7257,9.04344,12/10/2021 13:05,0,1,11,,96215,96329.74,0,,14.84,270
WAUKG78E46A840649,52.7256783,9.0432133,12/10/2021 13:07,0,0,9,"Siedenburger Straße, 27330 Asendorf, Graue, DE",96215,96329.76,0,Asendorf,14.8,254
WAUKG78E46A840649,52.7273166,9.0455183,12/10/2021 13:09,0,1,16,"Bücker Straße, 27330 Asendorf, Graue, DE",96215,96330.13,0,Asendorf,14.69,113
WAUKG78E46A840649,52.7337583,9.035435,12/10/2021 13:11,0,1,48,,96215,96331.79,0,,14.86,237
WAUKG78E46A840649,52.7335033,9.0347716,12/10/2021 13:13,0,0,12,"27330 Asendorf, Graue, DE",96215,96331.95,0,Asendorf,14.83,155
WAUKG78E46A840649,52.736705,9.03347,12/10/2021 13:18,0,0,12,"Hackenstraße, 27330 Asendorf, Graue, DE",96215,96332.66,0,Asendorf,14.75,65
WAUKG78E46A840649,52.73844,9.03861,12/10/2021 13:19,0,1,12,"Hackenstraße, 27330 Asendorf, Graue, DE",96215,96333.06,0,Asendorf,14.76,21
WAUKG78E46A840649,52.73901,9.0538883,12/10/2021 13:21,0,1,33,,96215,96334.25,0,,14.84,107
WAUKG78E46A840649,52.7386483,9.0559916,12/10/2021 13:23,0,1,20,"Hackenstraße, 27330 Asendorf, Graue, DE",96215,96334.4,0,Asendorf,14.81,131
WAUKG78E46A840649,52.7332516,9.0338233,12/10/2021 13:25,0,1,95,"Hannoversche Straße, 27330 Asendorf, Graue, DE",96215,96337.09,0,Asendorf,14.79,313
WAUKG78E46A840649,52.7491283,9.0310266,12/10/2021 13:27,0,1,10,"Brands Weg, 27330 Asendorf, Brebber, DE",96215,96339.57,0,Asendorf,14.83,0
WAUKG78E46A840649,52.746485,9.0215133,12/10/2021 13:29,0,1,24,"Brands Weg, 27330 Asendorf, Brebber, DE",96215,96340.3,0,Asendorf,14.83,259
WAUKG78E46A840649,52.7609483,9.0142283,12/10/2021 13:31,0,1,9,"27330 Asendorf, Kampsheide, DE",96215,96342,0,Asendorf,14.83,263
WAUKG78E46A840649,52.7549966,9.0024216,12/10/2021 13:33,0,1,17,"Zur Höchte, 27330 Asendorf, Kampsheide, DE",96215,96343.08,0,Asendorf,14.85,251
WAUKG78E46A840649,52.7571116,8.9992766,12/10/2021 13:35,0,0,7,"Auf der Höchte 2, 27330 Asendorf, Kampsheide, DE",96215,96343.43,0,Asendorf,14.87,336
WAUKG78E46A840649,52.759745,8.9989666,12/10/2021 13:37,0,1,9,"27330 Asendorf, Kampsheide, DE",96215,96344.16,0,Asendorf,14.84,152
WAUKG78E46A840649,52.7472016,8.975435,12/10/2021 13:39,0,1,28,,96215,96346.4,0,,14.84,303
WAUKG78E46A840649,52.7511366,8.9729483,12/10/2021 13:41,0,0,7,"27330 Asendorf, Kuhlenkamp, DE",96215,96346.93,0,Asendorf,14.89,352
WAUKG78E46A840649,52.7470716,8.9748983,12/10/2021 13:43,0,1,46,,96215,96347.45,0,,14.87,194
WAUKG78E46A840649,52.7422,8.9714416,12/10/2021 13:45,0,0,10,,96215,96348.08,0,,14.81,186
WAUKG78E46A840649,52.7360983,8.972695,12/10/2021 13:47,0,1,7,"Uepser Straße, 27330 Asendorf, Uepsen, DE",96215,96348.92,0,Asendorf,14.72,157
WAUKG78E46A840649,52.7389933,8.9669016,12/10/2021 13:49,0,1,56,,96215,96349.57,0,,14.83,279
WAUKG78E46A840649,52.7474633,8.9557983,12/10/2021 13:51,0,1,13,"Heidequerweg, 27330 Asendorf, Hohenmoor, DE",96215,96351.14,0,Asendorf,14.79,58
WAUKG78E46A840649,52.747025,8.9553066,12/10/2021 13:53,0,0,5,"Heidequerweg, 27330 Asendorf, Hohenmoor, DE",96215,96351.25,0,Asendorf,14.86,339
WAUKG78E46A840649,52.7439366,8.9371533,12/10/2021 13:55,0,1,20,"Reiterweg, 27330 Asendorf, Hohenmoor, DE",96215,96352.91,0,Asendorf,14.78,243
WAUKG78E46A840649,52.74463,8.9356733,12/10/2021 13:57,0,0,6,,96215,96353.05,0,,14.84,116
WAUKG78E46A840649,52.74457,8.937795,12/10/2021 13:59,0,1,7,,96215,96353.34,0,,14.82,241
WAUKG78E46A840649,52.7414983,8.9289983,12/10/2021 14:00,0,1,25,,96215,96354.05,0,,14.77,260
WAUKG78E46A840649,52.7469716,8.9224666,12/10/2021 14:01,0,1,15,,96215,96354.81,0,,14.83,64
WAUKG78E46A840649,52.747965,8.9244583,12/10/2021 14:03,0,0,8,"Hardenborstel 6, 27330 Asendorf, Hohenmoor, DE",96215,96355.04,0,Asendorf,14.8,300
WAUKG78E46A840649,52.7414133,8.929665,12/10/2021 14:05,0,1,48,,96215,96356.08,0,,14.82,69
WAUKG78E46A840649,52.753485,8.9420666,12/10/2021 14:07,0,1,15,,96215,96357.81,0,,14.84,301
WAUKG78E46A840649,52.754175,8.9329516,12/10/2021 14:09,0,0,8,,96215,96358.48,0,,14.86,121
WAUKG78E46A840649,52.7570566,8.9471316,12/10/2021 14:11,0,1,15,,96215,96359.72,0,,14.86,353
WAUKG78E46A840649,52.7629733,8.9415516,12/10/2021 14:13,0,1,18,"Zum Kamp, 27330 Asendorf, Hohenmoor, DE",96215,96360.81,0,Asendorf,14.8,282
WAUKG78E46A840649,52.7630016,8.939525,12/10/2021 14:17,0,1,15,"Zum Kamp, 27330 Asendorf, Hohenmoor, DE",96215,96361.05,0,Asendorf,14.8,40
WAUKG78E46A840649,52.7638466,8.9415016,12/10/2021 14:19,0,0,7,"Zum Kamp, 27330 Asendorf, Hohenmoor, DE",96215,96361.29,0,Asendorf,14.76,181
WAUKG78E46A840649,52.7576266,8.9458266,12/10/2021 14:22,0,0,16,,96215,96362.78,0,,14.76,285
WAUKG78E46A840649,52.7604566,8.9472883,12/10/2021 14:23,0,0,0,,96215,96363.32,0,,14.8,87
WAUKG78E46A840649,52.7575566,8.9515616,12/10/2021 14:25,0,1,20,"Hohenmoorer Straße, 27330 Asendorf, Barbrake, DE",96215,96363.81,0,Asendorf,14.77,88
WAUKG78E46A840649,52.7637716,8.9714666,12/10/2021 14:27,0,0,5,"Hohenmoorer Straße, 27330 Asendorf, Barbrake, DE",96215,96365.39,0,Asendorf,14.78,22
WAUKG78E46A840649,52.7597183,8.9786266,12/10/2021 14:29,0,1,14,"Barbrake, 27330 Asendorf, Barbrake, DE",96215,96366.08,0,Asendorf,14.78,73
WAUKG78E46A840649,52.760235,8.97891,12/10/2021 14:31,0,0,11,"Barbrake, 27330 Asendorf, Barbrake, DE",96215,96366.16,0,Asendorf,14.8,301
WAUKG78E46A840649,52.7684583,8.9796233,12/10/2021 14:33,0,1,83,"Hohenmoorer Straße, 27330 Asendorf, Barbrake, DE",96215,96367.58,0,Asendorf,14.81,63
WAUKG78E46A840649,52.77175,8.9963583,12/10/2021 14:36,0,0,6,"Kornblumenweg, 27330 Asendorf, Asendorf, DE",96215,96368.9,0,Asendorf,14.78,273
WAUKG78E46A840649,52.7716883,8.9956,12/10/2021 14:37,0,0,8,"Kornblumenweg, 27330 Asendorf, Asendorf, DE",96215,96368.95,0,Asendorf,14.84,90
WAUKG78E46A840649,52.77431,8.9989666,12/10/2021 14:39,0,1,47,"Hohenmoorer Straße, 27330 Asendorf, Barbrake, DE",96215,96369.87,0,Asendorf,14.86,88
WAUKG78E46A840649,52.7722033,9.0000933,12/10/2021 14:41,0,0,7,"Im Rosenwinkel, 27330 Asendorf, Asendorf, DE",96215,96370.49,0,Asendorf,14.75,325
WAUKG78E46A840649,52.772695,8.9986266,12/10/2021 14:43,0,1,18,"Im Rosenwinkel, 27330 Asendorf, Asendorf, DE",96215,96370.77,0,Asendorf,14.74,180
WAUKG78E46A840649,52.7715116,9.001615,12/10/2021 14:45,0,0,5,"Kapellenweg, 27330 Asendorf, Asendorf, DE",96215,96371.11,0,Asendorf,14.77,352
WAUKG78E46A840649,52.774615,9.0040216,12/10/2021 14:47,0,1,9,"Essener Straße 4, 27330 Asendorf, Asendorf, DE",96215,96371.71,0,Asendorf,14.81,40
WAUKG78E46A840649,52.7748216,9.0038883,12/10/2021 15:02,0,0,6,"Essener Straße 4, 27330 Asendorf, Asendorf, DE",96215,96371.72,0,Asendorf,14.66,161
WAUKG78E46A840649,52.7753116,9.00687,12/10/2021 15:03,0,1,57,"Essener Straße, 27330 Asendorf, Asendorf, DE",96215,96371.97,0,Asendorf,14.71,88
WAUKG78E46A840649,52.78157,9.0385483,12/10/2021 15:05,0,1,53,"Hoyaer Straße, 27330 Asendorf, Essen, DE",96215,96374.54,0,Asendorf,14.71,17
WAUKG78E46A840649,52.7832783,9.0404,12/10/2021 15:07,0,0,7,"Hoyaer Straße, 27330 Asendorf, Essen, DE",96215,96374.77,0,Asendorf,14.68,15
WAUKG78E46A840649,52.7907233,9.0464833,12/10/2021 15:09,0,0,0,"Essener Heideweg, 27330 Asendorf, Haendorf, DE",96215,96375.75,0,Asendorf,14.58,224
WAUKG78E46A840649,52.790275,9.046815,12/10/2021 15:11,0,1,42,,96215,96375.91,0,,14.72,170
WAUKG78E46A840649,52.7914416,9.0778083,12/10/2021 15:13,0,1,96,,96215,96378.51,0,,14.69,66
WAUKG78E46A840649,52.80455,9.0938366,12/10/2021 15:15,0,1,60,"Duddenhauser Straße, 27318 Hoyerhagen, DE",96215,96380.59,0,Hoyerhagen,14.72,33
WAUKG78E46A840649,52.8064716,9.122295,12/10/2021 15:17,0,1,73,"Weserstraße, 27318 Hoya, DE",96215,96382.78,0,Hoya,14.7,116
WAUKG78E46A840649,52.8064733,9.1474316,12/10/2021 15:19,0,1,40,"Hasseler Steinweg 2, 27318 Hoya, DE",96215,96384.68,0,Hoya,14.68,96
WAUKG78E46A840649,52.807755,9.174375,12/10/2021 15:21,0,1,110,"Hauptstraße, 27324 Hassel (Weser), DE",96215,96386.54,0,Hassel (Weser),14.71,80
WAUKG78E46A840649,52.8021283,9.2034316,12/10/2021 15:23,0,1,47,"Hauptstraße, 27324 Hassel (Weser), DE",96215,96388.68,0,Hassel (Weser),14.7,87
WAUKG78E46A840649,52.7846866,9.2113266,12/10/2021 15:25,0,1,52,"Hauptstraße Mahlen, 27324 Eystrup, Mahlen, DE",96215,96391,0,Eystrup,14.69,173
WAUKG78E46A840649,52.780105,9.2131233,12/10/2021 15:29,0,0,7,"Hauptstraße, 27324 Eystrup, Mahlen, DE",96215,96391.55,0,Eystrup,14.68,12
WAUKG78E46A840649,52.7806733,9.2224983,12/10/2021 15:31,0,1,30,"L 200, 27324 Eystrup, DE",96215,96392.37,0,Eystrup,14.64,116
WAUKG78E46A840649,52.7860216,9.2554033,12/10/2021 15:33,0,1,47,"Dorfstraße 34, 27324 Hämelhausen, DE",96215,96394.83,0,Hämelhausen,14.65,101
WAUKG78E46A840649,52.7802066,9.28146,12/10/2021 15:35,0,1,55,"Dorfstraße, 27324 Hämelhausen, DE",96215,96396.71,0,Hämelhausen,14.66,101
WAUKG78E46A840649,52.7841533,9.32572,12/10/2021 15:37,0,1,121,"Horst, 27313 Hülsen, DE",96215,96399.74,0,Hülsen,14.67,80
WAUKG78E46A840649,52.7850416,9.37837,12/10/2021 15:39,0,1,17,"Lange Straße 30A, 27336 Rethem, DE",96215,96403.32,0,Rethem,14.67,39
WAUKG78E46A840649,52.785555,9.37817,12/10/2021 15:41,0,0,5,"Amtshauptmann-Jordan-Platz 2, 27336 Rethem, DE",96215,96403.38,0,Rethem,14.66,4
WAUKG78E46A840649,52.7852616,9.380675,12/10/2021 15:43,0,0,0,"Lange Straße, 27336 Rethem, DE",96215,96403.61,0,Rethem,14.66,10
WAUKG78E46A840649,52.7933416,9.41035,12/10/2021 15:45,0,1,68,"B 209, 29693 Kirchwahlingen, Rethemer Fähre, DE",96215,96405.8,0,Kirchwahlingen,14.68,59
WAUKG78E46A840649,52.8048683,9.4317216,12/10/2021 15:47,0,1,57,"B 209, 29693 Altenwahlingen, Vor Groß Häuslingen, DE",96215,96407.79,0,Altenwahlingen,14.65,45
WAUKG78E46A840649,52.8190383,9.450685,12/10/2021 15:49,0,1,53,"Groß Eilstorf, 29664 Groß Eilstorf, DE",96215,96409.83,0,Groß Eilstorf,14.65,48
WAUKG78E46A840649,52.832815,9.4939566,12/10/2021 15:51,0,1,78,,96215,96413.18,0,,14.65,65
WAUKG78E46A840649,52.8408366,9.5213566,12/10/2021 15:53,0,1,107,"B 209, 29664 Schneeheide, DE",96215,96415.23,0,Schneeheide,14.67,63
WAUKG78E46A840649,52.8524566,9.5605383,12/10/2021 15:55,0,1,81,"B 209, 29664 Walsrode, DE",96215,96418.16,0,Walsrode,14.63,64
WAUKG78E46A840649,52.86124,9.5860366,12/10/2021 15:57,0,0,0,"Verdener Straße, 29664 Walsrode, DE",96215,96420.14,0,Walsrode,14.58,309
WAUKG78E46A840649,52.866295,9.5862283,12/10/2021 15:59,0,1,22,"Bergstraße 47, 29664 Walsrode, DE",96215,96420.74,0,Walsrode,14.67,346
WAUKG78E46A840649,52.8738166,9.5823916,12/10/2021 16:00,0,1,33,"K 129, 29664 Walsrode, DE",96215,96421.63,0,Walsrode,14.65,32
WAUKG78E46A840649,52.88687,9.6034333,12/10/2021 16:02,0,1,91,"Am Vogelpark, 29699 Walsrode, DE",96215,96423.66,0,Walsrode,14.64,38
WAUKG78E46A840649,52.9030766,9.616355,12/10/2021 16:03,0,1,70,,96215,96425.67,0,,14.64,11
WAUKG78E46A840649,52.9224,9.624975,12/10/2021 16:05,0,1,56,,96215,96427.93,0,,14.66,352
WAUKG78E46A840649,52.9384783,9.6302183,12/10/2021 16:07,0,1,84,,96215,96429.82,0,,14.67,359
WAUKG78E46A840649,52.95508,9.6371883,12/10/2021 16:09,0,0,0,,96215,96431.92,0,,14.54,329
WAUKG78E46A840649,52.9555816,9.6376666,12/10/2021 16:11,0,1,14,,96215,96432.03,0,,14.62,281
WAUKG78E46A840649,52.9555033,9.6374883,12/10/2021 16:17,0,0,9,"K 129, 29699 Walsrode, Meyerhof, DE",96215,96432.07,0,Walsrode,14.63,12
WAUKG78E46A840649,52.9549933,9.638065,12/10/2021 17:18,0,0,0,"K 129, 29699 Walsrode, Meyerhof, DE",96215,96432.16,0,Walsrode,12.53,240
WAUKG78E46A840649,52.9549933,9.638065,12/10/2021 18:18,0,0,0,"K 129, 29699 Walsrode, Meyerhof, DE",96215,96432.16,0,Walsrode,12.47,240
WAUKG78E46A840649,52.9549933,9.638065,12/10/2021 19:18,0,0,0,"K 129, 29699 Walsrode, Meyerhof, DE",96215,96432.16,0,Walsrode,12.44,240
WAUKG78E46A840649,52.9549933,9.638065,12/10/2021 20:18,0,0,0,"K 129, 29699 Walsrode, Meyerhof, DE",96215,96432.16,0,Walsrode,12.43,240
WAUKG78E46A840649,52.9549933,9.638065,12/10/2021 21:18,0,0,0,"K 129, 29699 Walsrode, Meyerhof, DE",96215,96432.16,0,Walsrode,12.41,240
WAUKG78E46A840649,52.9549933,9.638065,12/10/2021 22:18,0,0,0,"K 129, 29699 Walsrode, Meyerhof, DE",96215,96432.16,0,Walsrode,12.41,240
WAUKG78E46A840649,52.9549933,9.638065,12/10/2021 23:18,0,0,0,"K 129, 29699 Walsrode, Meyerhof, DE",96432,96432.16,0,Walsrode,12.38,240
WAUKG78E46A840649,52.9549933,9.638065,12/11/2021 0:18,0,0,0,"K 129, 29699 Walsrode, Meyerhof, DE",96432,96432.16,0,Walsrode,12.38,240
WAUKG78E46A840649,52.9549933,9.638065,12/11/2021 1:18,0,0,0,"K 129, 29699 Walsrode, Meyerhof, DE",96432,96432.16,0,Walsrode,12.36,240
WAUKG78E46A840649,52.9549933,9.638065,12/11/2021 2:18,0,0,0,"K 129, 29699 Walsrode, Meyerhof, DE",96432,96432.16,0,Walsrode,12.36,240
WAUKG78E46A840649,52.9549933,9.638065,12/11/2021 3:18,0,0,0,"K 129, 29699 Walsrode, Meyerhof, DE",96432,96432.16,0,Walsrode,12.34,240
WAUKG78E46A840649,52.9549933,9.638065,12/11/2021 4:18,0,0,0,"K 129, 29699 Walsrode, Meyerhof, DE",96432,96432.16,0,Walsrode,12.33,240
WAUKG78E46A840649,52.9549933,9.638065,12/11/2021 5:18,0,0,0,"K 129, 29699 Walsrode, Meyerhof, DE",96432,96432.16,0,Walsrode,12.33,240
WAUKG78E46A840649,52.9549933,9.638065,12/11/2021 6:18,0,0,0,"K 129, 29699 Walsrode, Meyerhof, DE",96432,96432.16,0,Walsrode,12.32,240
WAUKG78E46A840649,52.9549933,9.638065,12/11/2021 7:18,0,0,0,"K 129, 29699 Walsrode, Meyerhof, DE",96432,96432.16,0,Walsrode,12.31,240
WAUKG78E46A840649,52.9549933,9.638065,12/11/2021 8:18,0,0,0,"K 129, 29699 Walsrode, Meyerhof, DE",96432,96432.16,0,Walsrode,12.31,240
WAUKG78E46A840649,52.9549933,9.638065,12/11/2021 9:18,0,0,0,"K 129, 29699 Walsrode, Meyerhof, DE",96432,96432.16,0,Walsrode,12.3,240
WAUKG78E46A840649,52.9549933,9.638065,12/11/2021 10:18,0,0,0,"K 129, 29699 Walsrode, Meyerhof, DE",96432,96432.16,0,Walsrode,12.3,240
WAUKG78E46A840649,52.9549933,9.638065,12/11/2021 11:18,0,0,0,"K 129, 29699 Walsrode, Meyerhof, DE",96432,96432.16,0,Walsrode,12.27,240
WAUKG78E46A840649,52.9549933,9.638065,12/11/2021 12:18,0,0,0,"K 129, 29699 Walsrode, Meyerhof, DE",96432,96432.16,0,Walsrode,12.3,240
WAUKG78E46A840649,52.9549933,9.638065,12/11/2021 13:18,0,0,0,"K 129, 29699 Walsrode, Meyerhof, DE",96432,96432.16,0,Walsrode,12.29,240
WAUKG78E46A840649,52.9549933,9.638065,12/11/2021 14:18,0,0,0,"K 129, 29699 Walsrode, Meyerhof, DE",96432,96432.16,0,Walsrode,12.3,240
WAUKG78E46A840649,52.9549933,9.638065,12/11/2021 15:18,0,0,0,"K 129, 29699 Walsrode, Meyerhof, DE",96432,96432.16,0,Walsrode,12.28,240
WAUKG78E46A840649,52.9549933,9.638065,12/11/2021 16:18,0,0,0,"K 129, 29699 Walsrode, Meyerhof, DE",96432,96432.16,0,Walsrode,12.28,240
WAUKG78E46A840649,52.9549933,9.638065,12/11/2021 17:18,0,0,0,"K 129, 29699 Walsrode, Meyerhof, DE",96432,96432.16,0,Walsrode,12.28,240
WAUKG78E46A840649,52.9549933,9.638065,12/11/2021 18:18,0,0,0,"K 129, 29699 Walsrode, Meyerhof, DE",96432,96432.16,0,Walsrode,12.28,240
WAUKG78E46A840649,52.9549933,9.638065,12/11/2021 19:18,0,0,0,"K 129, 29699 Walsrode, Meyerhof, DE",96432,96432.16,0,Walsrode,12.28,240
WAUKG78E46A840649,52.9549933,9.638065,12/11/2021 20:18,0,0,0,"K 129, 29699 Walsrode, Meyerhof, DE",96432,96432.16,0,Walsrode,12.27,240
WAUKG78E46A840649,52.9549933,9.638065,12/11/2021 21:18,0,0,0,"K 129, 29699 Walsrode, Meyerhof, DE",96432,96432.16,0,Walsrode,12.27,240
WAUKG78E46A840649,52.9549933,9.638065,12/11/2021 22:18,0,0,0,"K 129, 29699 Walsrode, Meyerhof, DE",96432,96432.16,0,Walsrode,12.27,240
WAUKG78E46A840649,52.9549933,9.638065,12/11/2021 23:18,0,0,0,"K 129, 29699 Walsrode, Meyerhof, DE",96432,96432.16,0,Walsrode,12.27,240
WAUKG78E46A840649,52.9549933,9.638065,12/12/2021 0:18,0,0,0,"K 129, 29699 Walsrode, Meyerhof, DE",96432,96432.16,0,Walsrode,12.26,240
WAUKG78E46A840649,52.9549933,9.638065,12/12/2021 1:18,0,0,0,"K 129, 29699 Walsrode, Meyerhof, DE",96432,96432.16,0,Walsrode,12.27,240
WAUKG78E46A840649,52.9549933,9.638065,12/12/2021 2:18,0,0,0,"K 129, 29699 Walsrode, Meyerhof, DE",96432,96432.16,0,Walsrode,12.26,240
WAUKG78E46A840649,52.9549933,9.638065,12/12/2021 3:18,0,0,0,"K 129, 29699 Walsrode, Meyerhof, DE",96432,96432.16,0,Walsrode,12.26,240
WAUKG78E46A840649,52.9549933,9.638065,12/12/2021 4:18,0,0,0,"K 129, 29699 Walsrode, Meyerhof, DE",96432,96432.16,0,Walsrode,12.22,240
WAUKG78E46A840649,52.9549933,9.638065,12/12/2021 5:18,0,0,0,"K 129, 29699 Walsrode, Meyerhof, DE",96432,96432.16,0,Walsrode,12.27,240
WAUKG78E46A840649,52.9549933,9.638065,12/12/2021 6:18,0,0,0,"K 129, 29699 Walsrode, Meyerhof, DE",96432,96432.16,0,Walsrode,12.26,240
WAUKG78E46A840649,52.9549933,9.638065,12/12/2021 7:18,0,0,0,"K 129, 29699 Walsrode, Meyerhof, DE",96432,96432.16,0,Walsrode,12.27,240
WAUKG78E46A840649,52.9549933,9.638065,12/12/2021 8:18,0,0,0,"K 129, 29699 Walsrode, Meyerhof, DE",96432,96432.16,0,Walsrode,12.27,240
WAUKG78E46A840649,52.9549933,9.638065,12/12/2021 9:18,0,0,0,"K 129, 29699 Walsrode, Meyerhof, DE",96432,96432.16,0,Walsrode,12.26,240
WAUKG78E46A840649,52.9549933,9.638065,12/12/2021 10:18,0,0,0,"K 129, 29699 Walsrode, Meyerhof, DE",96432,96432.16,0,Walsrode,12.27,240
WAUKG78E46A840649,52.9549933,9.638065,12/12/2021 11:18,0,0,0,"K 129, 29699 Walsrode, Meyerhof, DE",96432,96432.16,0,Walsrode,12.27,240
WAUKG78E46A840649,52.9549933,9.638065,12/12/2021 12:18,0,0,0,"K 129, 29699 Walsrode, Meyerhof, DE",96432,96432.16,0,Walsrode,12.27,240
WAUKG78E46A840649,52.9549933,9.638065,12/12/2021 13:18,0,0,0,"K 129, 29699 Walsrode, Meyerhof, DE",96432,96432.16,0,Walsrode,12.27,240
WAUKG78E46A840649,52.9549933,9.638065,12/12/2021 14:18,0,0,0,"K 129, 29699 Walsrode, Meyerhof, DE",96432,96432.16,0,Walsrode,12.28,240
WAUKG78E46A840649,52.9549933,9.638065,12/12/2021 15:18,0,0,0,"K 129, 29699 Walsrode, Meyerhof, DE",96432,96432.16,0,Walsrode,12.28,240
WAUKG78E46A840649,52.9553433,9.6379433,12/12/2021 15:43,0,0,17,,96432,96432.2,0,,14.78,328
WAUKG78E46A840649,52.95608,9.6539516,12/12/2021 15:45,0,1,63,,96432,96433.94,0,,14.79,103
WAUKG78E46A840649,52.943835,9.6798683,12/12/2021 15:47,0,1,29,,96432,96436.2,0,,14.79,90
WAUKG78E46A840649,52.9576916,9.6999716,12/12/2021 15:49,0,1,77,"K 17, 29614 Woltem, Bostel, DE",96432,96438.37,0,Woltem,14.81,38
WAUKG78E46A840649,52.9589433,9.7028383,12/12/2021 16:49,0,0,0,"27, Woltem, DE",96432,96438.62,0,Woltem,12.34,313
WAUKG78E46A840649,52.9589433,9.7028383,12/12/2021 17:49,0,0,0,"27, Woltem, DE",96432,96438.62,0,Woltem,12.34,313
WAUKG78E46A840649,52.9589433,9.7028383,12/12/2021 18:49,0,0,0,"27, Woltem, DE",96432,96438.62,0,Woltem,12.35,313
WAUKG78E46A840649,52.9589433,9.7028383,12/12/2021 19:49,0,0,0,"27, Woltem, DE",96432,96438.62,0,Woltem,12.34,313
WAUKG78E46A840649,52.9589433,9.7028383,12/12/2021 20:49,0,0,0,"27, Woltem, DE",96432,96438.62,0,Woltem,12.34,313
WAUKG78E46A840649,52.9589433,9.7028383,12/12/2021 21:49,0,0,0,"27, Woltem, DE",96432,96438.62,0,Woltem,12.34,313
WAUKG78E46A840649,52.9589433,9.7028383,12/12/2021 22:49,0,0,0,"27, Woltem, DE",96432,96438.62,0,Woltem,12.34,313
WAUKG78E46A840649,52.9589433,9.7028383,12/12/2021 23:49,0,0,0,"27, Woltem, DE",96438,96438.62,0,Woltem,12.34,313
WAUKG78E46A840649,52.9589433,9.7028383,12/13/2021 0:49,0,0,0,"27, Woltem, DE",96438,96438.62,0,Woltem,12.33,313
WAUKG78E46A840649,52.9589433,9.7028383,12/13/2021 1:49,0,0,0,"27, Woltem, DE",96438,96438.62,0,Woltem,12.33,313
WAUKG78E46A840649,52.9589433,9.7028383,12/13/2021 2:49,0,0,0,"27, Woltem, DE",96438,96438.62,0,Woltem,12.33,313
WAUKG78E46A840649,52.9589433,9.7028383,12/13/2021 3:49,0,0,0,"27, Woltem, DE",96438,96438.62,0,Woltem,12.33,313
WAUKG78E46A840649,52.9589433,9.7028383,12/13/2021 4:49,0,0,0,"27, Woltem, DE",96438,96438.62,0,Woltem,12.34,313
WAUKG78E46A840649,52.9589433,9.7028383,12/13/2021 5:49,0,0,0,"27, Woltem, DE",96438,96438.62,0,Woltem,12.33,313
WAUKG78E46A840649,52.9589433,9.7028383,12/13/2021 6:49,0,0,0,"27, Woltem, DE",96438,96438.62,0,Woltem,12.33,313
WAUKG78E46A840649,52.9589433,9.7028383,12/13/2021 7:49,0,0,0,"27, Woltem, DE",96438,96438.62,0,Woltem,12.31,313
WAUKG78E46A840649,52.9589433,9.7028383,12/13/2021 8:49,0,0,0,"27, Woltem, DE",96438,96438.62,0,Woltem,12.33,313
WAUKG78E46A840649,52.9589433,9.7028383,12/13/2021 9:49,0,0,0,"27, Woltem, DE",96438,96438.62,0,Woltem,12.32,313
WAUKG78E46A840649,52.9589433,9.7028383,12/13/2021 10:49,0,0,0,"27, Woltem, DE",96438,96438.62,0,Woltem,12.33,313
WAUKG78E46A840649,52.9589433,9.7028383,12/13/2021 11:49,0,0,0,"27, Woltem, DE",96438,96438.62,0,Woltem,12.33,313
WAUKG78E46A840649,52.9589433,9.7028383,12/13/2021 12:49,0,0,0,"27, Woltem, DE",96438,96438.62,0,Woltem,12.12,313
WAUKG78E46A840649,52.958975,9.7028733,12/13/2021 13:49,0,0,0,"27, Woltem, DE",96438,96438.62,0,Woltem,12.11,240
WAUKG78E46A840649,52.958975,9.7028733,12/13/2021 14:49,0,0,0,"27, Woltem, DE",96438,96438.62,0,Woltem,12.24,240
WAUKG78E46A840649,52.9588083,9.7020333,12/13/2021 15:27,0,1,0,"Woltem, 29614 Woltem, Bostel, DE",96438,96438.68,0,Woltem,14.56,307
WAUKG78E46A840649,52.94661,9.6901283,12/13/2021 15:29,0,1,30,"Zur Beeke 2, 29699 Walsrode, Beck, DE",96438,96440.3,0,Walsrode,14.77,244
WAUKG78E46A840649,52.9565166,9.6540516,12/13/2021 15:31,0,1,71,"B 440, 29699 Walsrode, Löverschen, DE",96438,96443.32,0,Walsrode,14.76,286
WAUKG78E46A840649,52.9551116,9.635505,12/13/2021 15:33,0,1,25,"K 129, 29699 Walsrode, Meyerhof, DE",96438,96445.05,0,Walsrode,14.64,181
WAUKG78E46A840649,52.9555266,9.6377016,12/13/2021 15:35,0,1,12,"K 129, 29699 Walsrode, Meyerhof, DE",96438,96445.34,0,Walsrode,14.7,271
WAUKG78E46A840649,52.9557116,9.637435,12/13/2021 16:35,0,0,0,"K 129, 29699 Walsrode, Meyerhof, DE",96438,96445.38,0,Walsrode,12.54,33
WAUKG78E46A840649,52.9557116,9.637435,12/13/2021 18:35,0,0,0,,96438,96445.38,0,,12.46,33
WAUKG78E46A840649,52.9557116,9.637435,12/13/2021 19:35,0,0,0,,96438,96445.38,0,,12.45,33
WAUKG78E46A840649,52.9557116,9.637435,12/13/2021 20:35,0,0,0,,96438,96445.38,0,,12.41,33
WAUKG78E46A840649,52.9557116,9.637435,12/13/2021 21:35,0,0,0,"K 129, 29699 Walsrode, Meyerhof, DE",96438,96445.38,0,Walsrode,12.42,33
WAUKG78E46A840649,52.9557116,9.637435,12/13/2021 22:35,0,0,0,,96445,96445.38,0,,12.39,33
WAUKG78E46A840649,52.9557116,9.637435,12/13/2021 23:35,0,0,0,,96445,96445.38,0,,12.4,33
WAUKG78E46A840649,52.9557116,9.637435,12/14/2021 0:35,0,0,0,,96445,96445.38,0,,12.39,33
WAUKG78E46A840649,52.9557116,9.637435,12/14/2021 1:35,0,0,0,,96445,96445.38,0,,12.38,33
WAUKG78E46A840649,52.9557116,9.637435,12/14/2021 2:35,0,0,0,,96445,96445.38,0,,12.37,33
WAUKG78E46A840649,52.9557116,9.637435,12/14/2021 3:35,0,0,0,"K 129, 29699 Walsrode, Meyerhof, DE",96445,96445.38,0,Walsrode,12.36,33
WAUKG78E46A840649,52.9552866,9.637445,12/14/2021 4:35,0,0,0,"K 129, 29699 Walsrode, Meyerhof, DE",96445,96445.38,0,Walsrode,12.22,200
WAUKG78E46A840649,52.9555583,9.6375033,12/14/2021 4:50,0,0,7,,96445,96445.41,0,,12.21,5
WAUKG78E46A840649,52.955585,9.6375066,12/14/2021 4:51,0,1,0,"K 129, 29699 Walsrode, Meyerhof, DE",96445,96445.41,0,Walsrode,12.13,0
WAUKG78E46A840649,52.955385,9.63752,12/14/2021 5:50,0,0,0,"K 129, 29699 Walsrode, Meyerhof, DE",96445,96445.42,0,Walsrode,12.23,15
WAUKG78E46A840649,52.95523,9.63756,12/14/2021 6:24,0,0,5,"K 129, 29699 Walsrode, Meyerhof, DE",96445,96445.42,0,Walsrode,11.95,302
WAUKG78E46A840649,52.91161,9.61933,12/14/2021 8:01,0,1,57,"Ahrsener Straße 11, 29699 Walsrode, DE",96445,96450.81,0,Walsrode,14.77,190
WAUKG78E46A840649,52.8880233,9.60488,12/14/2021 8:03,0,1,100,"Am Vogelpark, 29699 Walsrode, DE",96445,96453.64,0,Walsrode,14.78,218
WAUKG78E46A840649,52.87482,9.5842066,12/14/2021 8:05,0,1,58,"K 129, 29664 Walsrode, DE",96445,96455.66,0,Walsrode,14.75,231
WAUKG78E46A840649,52.8692966,9.5847483,12/14/2021 8:09,0,0,7,"Bergstraße 93, 29664 Walsrode, DE",96445,96456.38,0,Walsrode,14.76,68
WAUKG78E46A840649,52.86299,9.5876433,12/14/2021 8:11,0,0,0,"Moorstraße 83, 29664 Walsrode, DE",96445,96457.12,0,Walsrode,14.72,158
WAUKG78E46A840649,52.8537883,9.5647233,12/14/2021 8:13,0,1,95,"B 209, 29664 Walsrode, DE",96445,96459.03,0,Walsrode,14.76,244
WAUKG78E46A840649,52.8457616,9.5380883,12/14/2021 8:15,0,1,97,"B 209, 29664 Schneeheide, DE",96445,96461.04,0,Schneeheide,14.75,245
WAUKG78E46A840649,52.8338366,9.4973016,12/14/2021 8:17,0,1,101,"B 209, 29664 Kirchboitzen, Sindorf, DE",96445,96464.07,0,Kirchboitzen,14.76,244
WAUKG78E46A840649,52.820815,9.458245,12/14/2021 8:19,0,1,54,"B 209, 29664 Groß Eilstorf, DE",96445,96467.11,0,Groß Eilstorf,14.75,258
WAUKG78E46A840649,52.8068416,9.4343016,12/14/2021 8:21,0,1,107,,96445,96469.45,0,,14.74,213
WAUKG78E46A840649,52.796165,9.41446,12/14/2021 8:23,0,1,56,"B 209, 29693 Altenwahlingen, Rethemer Fähre, DE",96445,96471.33,0,Altenwahlingen,14.76,217
WAUKG78E46A840649,52.7868683,9.3887116,12/14/2021 8:25,0,1,68,"B 209, 27336 Rethem, DE",96445,96473.36,0,Rethem,14.78,245
WAUKG78E46A840649,52.7842466,9.3682583,12/14/2021 8:27,0,1,48,"Lange Straße, 27336 Rethem, DE",96445,96474.8,0,Rethem,14.76,266
WAUKG78E46A840649,52.7823433,9.30908,12/14/2021 8:29,0,1,113,"Horst, 27313 Hülsen, DE",96445,96478.83,0,Hülsen,14.72,260
WAUKG78E46A840649,52.7810883,9.2873716,12/14/2021 8:31,0,1,22,,96445,96480.52,0,,14.75,350
WAUKG78E46A840649,52.7818483,9.2854383,12/14/2021 8:33,0,1,23,"Hirtenweg 20, 27324 Hämelhausen, DE",96445,96480.95,0,Hämelhausen,14.72,117
WAUKG78E46A840649,52.7812433,9.2859533,12/14/2021 8:35,0,0,5,,96445,96481.26,0,,14.77,170
WAUKG78E46A840649,52.781195,9.284645,12/14/2021 8:37,0,0,9,"Auf den Kohlhöfen 15, 27324 Hämelhausen, DE",96445,96481.36,0,Hämelhausen,14.73,254
WAUKG78E46A840649,52.785775,9.2883933,12/14/2021 8:39,0,0,0,"Zum Schäferstall 45, 27324 Hämelhausen, DE",96445,96482.52,0,Hämelhausen,14.71,1
WAUKG78E46A840649,52.77976,9.28153,12/14/2021 8:41,0,1,24,"Am Walde 6, 27324 Hämelhausen, DE",96445,96483.44,0,Hämelhausen,14.74,230
WAUKG78E46A840649,52.7799566,9.2806383,12/14/2021 8:43,0,0,6,"Bartels Kamp 5, 27324 Hämelhausen, DE",96445,96483.63,0,Hämelhausen,14.8,196
WAUKG78E46A840649,52.7843916,9.263945,12/14/2021 8:45,0,1,8,"Dorfstraße 68, 27324 Hämelhausen, DE",96445,96485.04,0,Hämelhausen,14.81,109
WAUKG78E46A840649,52.7839483,9.2638383,12/14/2021 8:47,0,0,7,"Dorfstraße 68, 27324 Hämelhausen, DE",96445,96485.1,0,Hämelhausen,14.82,15
WAUKG78E46A840649,52.7831733,9.2418033,12/14/2021 8:49,0,1,27,"Hohenholzer Straße, 27324 Eystrup, DE",96445,96486.75,0,Eystrup,14.76,272
WAUKG78E46A840649,52.7838433,9.23977,12/14/2021 8:51,0,0,11,"Bienenweide, 27324 Eystrup, DE",96445,96487.02,0,Eystrup,14.77,355
WAUKG78E46A840649,52.7812933,9.2349333,12/14/2021 8:53,0,1,10,"L 200, 27324 Eystrup, DE",96445,96487.79,0,Eystrup,14.77,206
WAUKG78E46A840649,52.7815333,9.2358416,12/14/2021 8:56,0,0,0,"L 200, 27324 Eystrup, DE",96445,96487.89,0,Eystrup,14.77,319
WAUKG78E46A840649,52.7831383,9.2363483,12/14/2021 8:57,0,1,24,"Am Vehrenkamp 1, 27324 Eystrup, DE",96445,96488.13,0,Eystrup,14.76,357
WAUKG78E46A840649,52.78603,9.2394266,12/14/2021 8:59,0,0,5,"Holunderweg 3, 27324 Eystrup, DE",96445,96488.83,0,Eystrup,14.77,90
WAUKG78E46A840649,52.7869016,9.2366816,12/14/2021 9:00,0,1,21,,96445,96489.25,0,,14.77,347
WAUKG78E46A840649,52.7883166,9.236895,12/14/2021 9:01,0,1,26,"Auf dem Rottlande 18, 27324 Eystrup, DE",96445,96489.41,0,Eystrup,14.75,17
WAUKG78E46A840649,52.7876633,9.2366816,12/14/2021 9:03,0,0,0,"Auf dem Rottlande 9, 27324 Eystrup, DE",96445,96489.65,0,Eystrup,14.78,165
WAUKG78E46A840649,52.786675,9.2373883,12/14/2021 9:05,0,0,0,"Am Vehrenkamp 36, 27324 Eystrup, DE",96445,96489.81,0,Eystrup,14.66,79
WAUKG78E46A840649,52.7866616,9.237685,12/14/2021 9:07,0,0,0,"Am Vehrenkamp 41, 27324 Eystrup, DE",96445,96489.94,0,Eystrup,14.74,147
WAUKG78E46A840649,52.7863466,9.2375266,12/14/2021 9:09,0,0,6,"Am Vehrenkamp 45, 27324 Eystrup, DE",96445,96489.97,0,Eystrup,14.81,223
WAUKG78E46A840649,52.78386,9.2372183,12/14/2021 9:11,0,0,5,"27324 Eystrup, DE",96445,96490.28,0,Eystrup,14.76,340
WAUKG78E46A840649,52.7851683,9.2362916,12/14/2021 9:13,0,0,0,"Am Vehrenkamp 20, 27324 Eystrup, DE",96445,96490.47,0,Eystrup,14.72,309
WAUKG78E46A840649,52.7864516,9.2363483,12/14/2021 9:15,0,0,9,"Am Vehrenkamp 27B, 27324 Eystrup, DE",96445,96490.64,0,Eystrup,14.78,347
WAUKG78E46A840649,52.7844866,9.2358916,12/14/2021 9:17,0,1,10,"Am Vehrenkamp 9, 27324 Eystrup, DE",96445,96490.94,0,Eystrup,14.73,159
WAUKG78E46A840649,52.783185,9.2352283,12/14/2021 9:19,0,1,21,"Hohenholzer Straße, 27324 Eystrup, DE",96445,96491.18,0,Eystrup,14.83,307
WAUKG78E46A840649,52.7850366,9.234765,12/14/2021 9:22,0,0,7,"Breslauer Straße 17, 27324 Eystrup, DE",96445,96491.42,0,Eystrup,14.74,104
WAUKG78E46A840649,52.7846166,9.2332016,12/14/2021 9:23,0,1,20,"Laubaner Straße, 27324 Eystrup, DE",96445,96491.62,0,Eystrup,14.77,214
WAUKG78E46A840649,52.78341,9.2318566,12/14/2021 9:25,0,0,10,"Hinter der Bahn, 27324 Eystrup, DE",96445,96491.81,0,Eystrup,14.82,175
WAUKG78E46A840649,52.7863883,9.2320916,12/14/2021 9:27,0,0,11,"Alter Postweg, 27324 Eystrup, DE",96445,96492.24,0,Eystrup,14.81,58
WAUKG78E46A840649,52.7830883,9.233135,12/14/2021 9:29,0,0,11,"Hohenholzer Straße, 27324 Eystrup, DE",96445,96492.93,0,Eystrup,14.74,160
WAUKG78E46A840649,52.7801466,9.2372733,12/14/2021 9:31,0,1,22,"Schulbusweg, 27324 Eystrup, DE",96445,96494.14,0,Eystrup,14.78,97
WAUKG78E46A840649,52.7728116,9.2346933,12/14/2021 9:33,0,0,0,"Twachtstraße, 27324 Eystrup, DE",96445,96495.21,0,Eystrup,14.77,66
WAUKG78E46A840649,52.7780933,9.2377083,12/14/2021 9:35,0,1,15,"Schulbusweg, 27324 Eystrup, DE",96445,96496.06,0,Eystrup,14.76,24
WAUKG78E46A840649,52.77748,9.2305183,12/14/2021 9:37,0,1,16,"Schwarzer Weg, 27324 Eystrup, DE",96445,96497.29,0,Eystrup,14.76,210
WAUKG78E46A840649,52.777265,9.2294283,12/14/2021 9:39,0,1,11,"Schwarzer Weg, 27324 Eystrup, DE",96445,96497.42,0,Eystrup,14.76,206
WAUKG78E46A840649,52.776765,9.22955,12/14/2021 9:42,0,0,11,"Schwarzer Weg, 27324 Eystrup, DE",96445,96497.48,0,Eystrup,14.75,172
WAUKG78E46A840649,52.7765683,9.2295983,12/14/2021 9:43,0,0,0,"Schwarzer Weg, 27324 Eystrup, DE",96445,96497.5,0,Eystrup,14.75,308
WAUKG78E46A840649,52.7756916,9.2295316,12/14/2021 9:45,0,0,5,"Schwarzer Weg, 27324 Eystrup, DE",96445,96497.65,0,Eystrup,14.76,127
WAUKG78E46A840649,52.7735866,9.2306016,12/14/2021 9:48,0,0,7,,96445,96497.93,0,,14.78,304
WAUKG78E46A840649,52.7743883,9.230125,12/14/2021 9:49,0,1,29,"Ihlendiekstraße, 27324 Eystrup, DE",96445,96498.05,0,Eystrup,14.73,44
WAUKG78E46A840649,52.7737583,9.2316616,12/14/2021 9:51,0,0,6,"Ihlendiekstraße, 27324 Eystrup, DE",96445,96498.23,0,Eystrup,14.7,4
WAUKG78E46A840649,52.7775233,9.2304533,12/14/2021 9:53,0,1,17,"Schwarzer Weg, 27324 Eystrup, DE",96445,96498.83,0,Eystrup,14.8,44
WAUKG78E46A840649,52.7825316,9.224125,12/14/2021 9:55,0,1,5,"Lärchenweg, 27324 Eystrup, DE",96445,96499.92,0,Eystrup,14.49,336
WAUKG78E46A840649,52.7824383,9.2252416,12/14/2021 9:57,0,0,0,,96445,96500.01,0,,14.75,19
WAUKG78E46A840649,52.7833216,9.2296133,12/14/2021 9:59,0,1,0,"Alexanderweg 75, 27324 Eystrup, DE",96445,96500.31,0,Eystrup,14.74,274
WAUKG78E46A840649,52.7830733,9.229285,12/14/2021 10:00,0,0,0,"Alexanderweg, 27324 Eystrup, DE",96445,96500.37,0,Eystrup,14.73,161
WAUKG78E46A840649,52.783125,9.2291816,12/14/2021 10:03,0,0,7,"Alexanderweg, 27324 Eystrup, DE",96445,96500.37,0,Eystrup,14.77,342
WAUKG78E46A840649,52.77977,9.2228316,12/14/2021 10:06,0,0,9,"Soomskamp, 27324 Eystrup, DE",96445,96501.1,0,Eystrup,14.77,177
WAUKG78E46A840649,52.7793966,9.2219766,12/14/2021 10:07,0,0,11,"Dierksweide, 27324 Eystrup, DE",96445,96501.2,0,Eystrup,14.72,63
WAUKG78E46A840649,52.7811116,9.223865,12/14/2021 10:09,0,0,5,"Bahnhofstraße 53, 27324 Eystrup, DE",96445,96501.52,0,Eystrup,14.74,312
WAUKG78E46A840649,52.7805,9.2208816,12/14/2021 10:12,0,0,9,"Bahnhofstraße, 27324 Eystrup, DE",96445,96501.74,0,Eystrup,14.79,286
WAUKG78E46A840649,52.780065,9.218515,12/14/2021 10:13,0,1,7,"Bahnhofstraße 25, 27324 Eystrup, DE",96445,96501.91,0,Eystrup,14.67,215
WAUKG78E46A840649,52.7793816,9.2133383,12/14/2021 10:16,0,0,10,"Bahnhofstraße, 27324 Eystrup, DE",96445,96502.28,0,Eystrup,14.8,271
WAUKG78E46A840649,52.779695,9.2185783,12/14/2021 10:17,0,1,17,"Bahnhofstraße 32, 27324 Eystrup, DE",96445,96502.69,0,Eystrup,14.82,121
WAUKG78E46A840649,52.7794516,9.2190016,12/14/2021 10:19,0,1,9,"Dodstraße, 27324 Eystrup, DE",96445,96502.82,0,Eystrup,14.76,335
WAUKG78E46A840649,52.77864,9.216035,12/14/2021 10:21,0,1,14,"Zwillingslinde, 27324 Eystrup, DE",96445,96503.07,0,Eystrup,14.76,323
WAUKG78E46A840649,52.778805,9.2151266,12/14/2021 10:23,0,0,7,"Bahnhofstraße 11, 27324 Eystrup, DE",96445,96503.16,0,Eystrup,14.78,86
WAUKG78E46A840649,52.7791083,9.2159083,12/14/2021 10:25,0,0,9,"Bäckerstraße, 27324 Eystrup, DE",96445,96503.47,0,Eystrup,14.76,352
WAUKG78E46A840649,52.7789316,9.2203216,12/14/2021 10:28,0,0,5,"Eversweide, 27324 Eystrup, DE",96445,96503.93,0,Eystrup,14.73,36
WAUKG78E46A840649,52.7791116,9.21955,12/14/2021 10:29,0,0,0,"Zur Zwillingslinde, 27324 Eystrup, DE",96445,96504.18,0,Eystrup,14.7,305
WAUKG78E46A840649,52.7775483,9.2246033,12/14/2021 10:31,0,1,25,"Am Blanken Moor, 27324 Eystrup, DE",96445,96504.66,0,Eystrup,14.76,160
WAUKG78E46A840649,52.7765633,9.22484,12/14/2021 10:33,0,1,22,"Am Blanken Moor, 27324 Eystrup, DE",96445,96504.78,0,Eystrup,14.74,224
WAUKG78E46A840649,52.776485,9.2198383,12/14/2021 10:35,0,1,20,"Am Sandberg, 27324 Eystrup, DE",96445,96505.16,0,Eystrup,14.68,345
WAUKG78E46A840649,52.7768666,9.2200883,12/14/2021 10:37,0,0,5,"Am Sandberg, 27324 Eystrup, DE",96445,96505.23,0,Eystrup,14.81,283
WAUKG78E46A840649,52.7751066,9.22309,12/14/2021 10:39,0,0,0,"Mühlenstraße, 27324 Eystrup, DE",96445,96505.82,0,Eystrup,14.71,325
WAUKG78E46A840649,52.7715733,9.22621,12/14/2021 10:41,0,1,5,"Doenhauser Straße, 27324 Eystrup, DE",96445,96506.45,0,Eystrup,14.7,84
WAUKG78E46A840649,52.7717833,9.2230566,12/14/2021 10:43,0,1,42,"Doenhauser Straße, 27324 Eystrup, DE",96445,96506.74,0,Eystrup,14.77,297
WAUKG78E46A840649,52.771775,9.22197,12/14/2021 10:45,0,0,5,"Feldstraße, 27324 Eystrup, DE",96445,96506.88,0,Eystrup,14.72,278
WAUKG78E46A840649,52.7735366,9.2228483,12/14/2021 10:47,0,0,8,"Cohrsweg, 27324 Eystrup, DE",96445,96507.12,0,Eystrup,14.73,18
WAUKG78E46A840649,52.7718783,9.2220783,12/14/2021 10:49,0,1,20,"Feldstraße, 27324 Eystrup, DE",96445,96507.48,0,Eystrup,14.7,217
WAUKG78E46A840649,52.7729766,9.2176266,12/14/2021 10:53,0,0,13,"Heinrichstraße, 27324 Eystrup, DE",96445,96507.99,0,Eystrup,14.74,104
WAUKG78E46A840649,52.7778883,9.2128683,12/14/2021 10:55,0,1,37,"B 215, 27324 Eystrup, DE",96445,96508.75,0,Eystrup,14.71,348
WAUKG78E46A840649,52.8025883,9.207415,12/14/2021 10:57,0,1,21,"Verdener Straße, 27324 Hassel (Weser), DE",96445,96511.58,0,Hassel (Weser),14.77,325
WAUKG78E46A840649,52.8083233,9.1826566,12/14/2021 10:59,0,1,85,"Hauptstraße, 27324 Hassel (Weser), DE",96445,96513.41,0,Hassel (Weser),14.7,277
WAUKG78E46A840649,52.8067866,9.1679533,12/14/2021 11:00,0,1,86,,96445,96514.42,0,,14.68,252
WAUKG78E46A840649,52.8056883,9.1530366,12/14/2021 11:01,0,1,52,"Hasseler Steinweg 9-12, 27318 Hoya, DE",96445,96515.46,0,Hoya,14.73,279
WAUKG78E46A840649,52.8031633,9.1353783,12/14/2021 11:03,0,1,17,"Weserstraße, 27318 Hoya, DE",96445,96516.75,0,Hoya,14.77,280
WAUKG78E46A840649,52.806405,9.10636,12/14/2021 11:05,0,1,65,"Hauptstraße, 27318 Hoyerhagen, DE",96445,96518.82,0,Hoyerhagen,14.75,278
WAUKG78E46A840649,52.798945,9.0940916,12/14/2021 11:07,0,1,70,"Duddenhausen, 27333 Duddenhausen, Duddenhausen, DE",96445,96520.58,0,Duddenhausen,14.72,173
WAUKG78E46A840649,52.7910716,9.061085,12/14/2021 11:09,0,1,81,"Duddenhausen, 27333 Bücken, Duddenhausen, DE",96445,96523.18,0,Bücken,14.76,302
WAUKG78E46A840649,52.7910116,9.0464033,12/14/2021 11:11,0,0,0,"Essener Heideweg, 27330 Asendorf, Haendorf, DE",96445,96524.75,0,Asendorf,14.7,132
WAUKG78E46A840649,52.777645,9.0470933,12/14/2021 11:13,0,1,81,"Essener Berg, 27330 Asendorf, Essen, DE",96445,96526.29,0,Asendorf,14.74,171
WAUKG78E46A840649,52.7740216,9.0456166,12/14/2021 11:15,0,0,0,"Forthweg, 27330 Asendorf, Essen, DE",96445,96526.84,0,Asendorf,14.65,0
WAUKG78E46A840649,52.7742633,9.03094,12/14/2021 11:17,0,1,89,"Essener Straße, 27330 Asendorf, Essen, DE",96445,96528.24,0,Asendorf,14.67,269
WAUKG78E46A840649,52.7766216,9.0221766,12/14/2021 11:19,0,0,7,"Am Sportplatz, 27330 Asendorf, Asendorf, DE",96445,96529.12,0,Asendorf,14.72,256
WAUKG78E46A840649,52.7771183,9.02021,12/14/2021 11:21,0,0,6,"Steinborner Weg, 27330 Asendorf, Asendorf, DE",96445,96529.26,0,Asendorf,14.73,174
WAUKG78E46A840649,52.7738816,9.0126266,12/14/2021 11:23,0,1,30,"27330 Asendorf, Asendorf, DE",96445,96530.55,0,Asendorf,14.67,182
WAUKG78E46A840649,52.7831183,9.01737,12/14/2021 11:25,0,1,102,,96445,96531.85,0,,14.66,12
WAUKG78E46A840649,52.7891983,9.03393,12/14/2021 11:27,0,0,0,"Haendorfer Weg, 27330 Asendorf, Haendorf, DE",96445,96533.3,0,Asendorf,14.66,5
WAUKG78E46A840649,52.785565,9.0229633,12/14/2021 11:29,0,1,67,"Haendorfer Weg, 27330 Asendorf, Haendorf, DE",96445,96534.19,0,Asendorf,14.73,266
WAUKG78E46A840649,52.79748,9.0159616,12/14/2021 11:31,0,1,5,,96445,96536.16,0,,14.71,356
WAUKG78E46A840649,52.791105,9.0074733,12/14/2021 11:33,0,1,55,"Altenfelde, 27330 Asendorf, Haendorf, DE",96445,96537.07,0,Asendorf,14.74,229
WAUKG78E46A840649,52.79102,9.00509,12/14/2021 11:36,0,0,7,,96445,96537.29,0,,14.72,158
WAUKG78E46A840649,52.7823816,9.0035133,12/14/2021 11:37,0,1,41,"27330 Asendorf, Essen, DE",96445,96538.31,0,Asendorf,14.71,213
WAUKG78E46A840649,52.7802583,9.0025466,12/14/2021 11:40,0,0,5,"Altenfelder Weg 14, 27330 Asendorf, Asendorf, DE",96445,96538.57,0,Asendorf,14.73,127
WAUKG78E46A840649,52.7795516,9.0025983,12/14/2021 11:41,0,0,14,"Altenfelder Weg 13-15, 27330 Asendorf, Asendorf, DE",96445,96538.64,0,Asendorf,14.71,195
WAUKG78E46A840649,52.77941,9.00161,12/14/2021 11:43,0,0,0,"Altenfelder Weg 13-15, 27330 Asendorf, Asendorf, DE",96445,96538.79,0,Asendorf,14.66,293
WAUKG78E46A840649,52.77929,9.002015,12/14/2021 11:45,0,0,10,"Altenfelder Weg 13-15, 27330 Asendorf, Asendorf, DE",96445,96538.79,0,Asendorf,14.72,61
WAUKG78E46A840649,52.7772383,9.0022766,12/14/2021 11:48,0,0,5,,96445,96539.07,0,,14.74,271
WAUKG78E46A840649,52.7770466,9.0033033,12/14/2021 11:49,0,1,21,"Ahornweg, 27330 Asendorf, Asendorf, DE",96445,96539.3,0,Asendorf,14.72,12
WAUKG78E46A840649,52.7773733,9.003505,12/14/2021 11:51,0,0,9,"Ahornweg, 27330 Asendorf, Asendorf, DE",96445,96539.34,0,Asendorf,14.72,181
WAUKG78E46A840649,52.7763466,9.000225,12/14/2021 11:53,0,0,5,"Zum Feldbusch, 27330 Asendorf, Asendorf, DE",96445,96539.73,0,Asendorf,14.69,80
WAUKG78E46A840649,52.7756683,8.9997683,12/14/2021 11:55,0,0,0,"Ringstraße, 27330 Asendorf, Asendorf, DE",96445,96539.94,0,Asendorf,14.7,305
WAUKG78E46A840649,52.77247,9.0045483,12/14/2021 11:57,0,1,21,"Neue Straße, 27330 Asendorf, Asendorf, DE",96445,96540.59,0,Asendorf,14.66,171
WAUKG78E46A840649,52.7722533,9.005305,12/14/2021 12:00,0,1,15,"Hinterm Bahnhof, 27330 Asendorf, Asendorf, DE",96445,96540.72,0,Asendorf,14.63,344
WAUKG78E46A840649,52.772665,9.0050666,12/14/2021 12:01,0,1,7,"Hinterm Bahnhof, 27330 Asendorf, Asendorf, DE",96445,96540.78,0,Asendorf,14.68,142
WAUKG78E46A840649,52.7722733,9.0087233,12/14/2021 12:03,0,0,0,"St. Marcellusstraße 6, 27330 Asendorf, Asendorf, DE",96445,96541.39,0,Asendorf,14.71,146
WAUKG78E46A840649,52.7728283,9.010005,12/14/2021 12:05,0,1,15,"An der Calle, 27330 Asendorf, Asendorf, DE",96445,96541.49,0,Asendorf,14.62,130
WAUKG78E46A840649,52.7717283,9.00935,12/14/2021 12:07,0,0,5,"Im Erlengrund, 27330 Asendorf, Asendorf, DE",96445,96541.7,0,Asendorf,14.74,82
WAUKG78E46A840649,52.7704066,9.007535,12/14/2021 12:09,0,1,20,"Alter Kirchweg, 27330 Asendorf, Kampsheide, DE",96445,96542.12,0,Asendorf,14.72,259
WAUKG78E46A840649,52.7679116,8.991835,12/14/2021 12:11,0,1,11,"Heidkämpe, 27330 Asendorf, Kampsheide, DE",96445,96543.75,0,Asendorf,14.7,283
WAUKG78E46A840649,52.7678966,8.9919866,12/14/2021 12:13,0,0,10,"Heidkämpe, 27330 Asendorf, Kampsheide, DE",96445,96543.77,0,Asendorf,14.7,171
WAUKG78E46A840649,52.76326,9.000185,12/14/2021 12:15,0,1,32,"Friedeheider Weg, 27330 Asendorf, Kampsheide, DE",96445,96544.61,0,Asendorf,14.68,235
WAUKG78E46A840649,52.763085,8.9855,12/14/2021 12:17,0,1,5,"Buchenkamp, 27330 Asendorf, Kampsheide, DE",96445,96545.8,0,Asendorf,14.66,129
WAUKG78E46A840649,52.7619483,8.9935066,12/14/2021 12:19,0,1,34,"Friedeheider Weg, 27330 Asendorf, Kampsheide, DE",96445,96546.49,0,Asendorf,14.72,89
WAUKG78E46A840649,52.7678983,9.0077733,12/14/2021 12:21,0,1,5,"Alte Heerstraße 23, 27330 Asendorf, Asendorf, DE",96445,96547.93,0,Asendorf,14.71,318
WAUKG78E46A840649,52.7670616,9.0078316,12/14/2021 12:23,0,1,15,"Raiffeisenstraße 11, 27330 Asendorf, Kampsheide, DE",96445,96548.05,0,Asendorf,14.7,277
WAUKG78E46A840649,52.7676966,9.008185,12/14/2021 12:25,0,1,15,"Alte Heerstraße, 27330 Asendorf, Asendorf, DE",96445,96548.26,0,Asendorf,14.76,75
WAUKG78E46A840649,52.769065,9.0106083,12/14/2021 12:27,0,1,17,"27330 Asendorf, Kampsheide, DE",96445,96548.64,0,Asendorf,14.69,351
WAUKG78E46A840649,52.770625,9.0097316,12/14/2021 12:29,0,0,6,"Hexenberg, 27330 Asendorf, Kampsheide, DE",96445,96548.84,0,Asendorf,14.69,197
WAUKG78E46A840649,52.759295,9.0168,12/14/2021 12:31,0,1,25,"Steimker Weg, 27330 Asendorf, Kampsheide, DE",96445,96550.33,0,Asendorf,14.68,127
WAUKG78E46A840649,52.76738,9.027165,12/14/2021 12:33,0,1,11,"Steimker Weg, 27330 Asendorf, Kampsheide, DE",96445,96551.49,0,Asendorf,14.69,76
WAUKG78E46A840649,52.7629566,9.0225316,12/14/2021 12:35,0,1,23,,96445,96552.1,0,,14.67,186
WAUKG78E46A840649,52.7561583,9.023105,12/14/2021 12:37,0,1,7,"Schierenhoper Straße, 27330 Asendorf, Steimke, DE",96445,96553.33,0,Asendorf,14.66,64
WAUKG78E46A840649,52.7562433,9.023145,12/14/2021 12:39,0,1,0,"Schierenhoper Straße, 27330 Asendorf, Steimke, DE",96445,96553.36,0,Asendorf,14.7,147
WAUKG78E46A840649,52.7517483,9.0194766,12/14/2021 12:41,0,1,5,"Hannoversche Straße, 27330 Asendorf, Kampsheide, DE",96445,96554.1,0,Asendorf,14.65,1
WAUKG78E46A840649,52.7518416,9.019185,12/14/2021 12:43,0,0,5,"Hannoversche Straße, 27330 Asendorf, Brebber, DE",96445,96554.13,0,Asendorf,14.71,89
WAUKG78E46A840649,52.7527283,9.0125016,12/14/2021 12:45,0,0,0,"Am Schiebenkamp, 27330 Asendorf, Kampsheide, DE",96445,96555.05,0,Asendorf,14.67,246
WAUKG78E46A840649,52.7460433,9.02148,12/14/2021 12:47,0,1,111,"Hannoversche Straße, 27330 Asendorf, Kampsheide, DE",96445,96556.6,0,Asendorf,14.67,167
WAUKG78E46A840649,52.7266783,9.0443816,12/14/2021 12:49,0,1,30,"Siedenburger Straße, 27330 Asendorf, Graue, DE",96445,96559.35,0,Asendorf,14.69,213
WAUKG78E46A840649,52.72336,9.0291133,12/14/2021 12:51,0,0,0,"Siedenburger Straße, 27330 Asendorf, Graue, DE",96445,96560.65,0,Asendorf,14.66,47
WAUKG78E46A840649,52.7263066,9.0431683,12/14/2021 12:53,0,1,71,"Siedenburger Straße, 27330 Asendorf, Graue, DE",96445,96561.83,0,Asendorf,14.61,61
WAUKG78E46A840649,52.7257166,9.0432016,12/14/2021 12:55,0,0,8,"Siedenburger Straße, 27330 Asendorf, Graue, DE",96445,96562.13,0,Asendorf,14.74,267
WAUKG78E46A840649,52.72721,9.0449116,12/14/2021 12:57,0,0,0,"Bücker Straße, 27330 Asendorf, Graue, DE",96445,96562.45,0,Asendorf,14.51,182
WAUKG78E46A840649,52.7268633,9.0449266,12/14/2021 12:59,0,1,22,"Bücker Straße, 27330 Asendorf, Graue, DE",96445,96562.55,0,Asendorf,14.68,251
